reel title,url
Full Carbon BMW M4 GT3 EVO,https://www.instagram.com/p/DV_TuD-DO6J/
Candy Ferrari F40,https://www.instagram.com/p/DWje7LnDERE/
Model unclear,https://www.instagram.com/p/DV_ZIj_jOF4/
BMW M3 Touring GT3 EVO,https://www.instagram.com/p/DWJm6UFjLUl/
BMW M4 GT3 EVO,https://www.instagram.com/p/DWuZRoWDoLx/
Black Porsche 911 & BMW M2,https://www.instagram.com/p/DWWa87ejMgF/
Carbon Mercedes-Benz CLK GTR,https://www.instagram.com/p/DVO0NBgjrkl/
Wine Porsche Brabus 911,https://www.instagram.com/p/DWobl9ADOBx/
Candy Aston Martin Vulcan,https://www.instagram.com/p/DVLuYy_jsoZ/
Supercar Convoy Roadtrip,https://www.instagram.com/p/DV8xRNdDBrF/
Candy Lamborghini Revuelto,https://www.instagram.com/p/DVYu7aZjkFU/
Wine Porsche 911 GT3RS,https://www.instagram.com/p/DUnxXeujLNn/
Wine Porsche GT3 R Rennsport,https://www.instagram.com/p/DVdsbVIDjPW/
Full Carbon Lexus LFA,https://www.instagram.com/p/DUtFB99jBNw/
Candy RWB Porsche 911 964,https://www.instagram.com/p/DVtTowoDC74/
Wine Ferrari P80/C,https://www.instagram.com/p/DWZBaXgjMmL/
Dark McLaren P1,https://www.instagram.com/p/DUBICaADYCl/
Full Carbon Pagani Zonda R,https://www.instagram.com/p/DTqBc6wDvIB/
Candy Porsche GT3RS,https://www.instagram.com/p/DTk17-yjvMl/
Wine Ferrari F80,https://www.instagram.com/p/DUa5j6YDI4R/
Demon Mazda RX-7,https://www.instagram.com/p/DUJMqijDjLe/
Full Carbon Ferrari 296 XX,https://www.instagram.com/p/DVi6ZC0kV7x/
Olive Aston Martin Vulcan,https://www.instagram.com/p/DTfk_bJleJs/
Wine McLaren 720S,https://www.instagram.com/p/DTa0Z5Njuyu/
Dark Yamaha R1,https://www.instagram.com/p/DSNTDdeCFZ5/
1/1 Carbon McLaren F1,https://www.instagram.com/p/DSU88z0jgVh/
Full Carbon Dodge Viper,https://www.instagram.com/p/DTStnsmDo49/
Wine Manthey Porsche GT3RS,https://www.instagram.com/p/DSxYT7QDgM8/
Wine Bugatti Chiron Pur Sport,https://www.instagram.com/p/DTxqmfijjQs/
Dark McLaren P1,https://www.instagram.com/p/DRznJeJjDzm/
Sweet Porsche GT3RS,https://www.instagram.com/p/DR2DeCcDOto/
Wine Ferrari 296 XX,https://www.instagram.com/p/DTDaQeJDlkr/
Grape McLaren 765LT,https://www.instagram.com/p/DSFjaTajsA3/
Wine Ferrari LaFerrari,https://www.instagram.com/p/DU3LSXCDZKu/
Barbie Porsche GT3RS,https://www.instagram.com/p/DRZ7jASjOWP/
Batman Ferrari SF90,https://www.instagram.com/p/DRhbR3ODGgb/
Wine Honda NSX,https://www.instagram.com/p/DRM9nHQjNgn/
Porsche 918 Spyder,https://www.instagram.com/p/DRsX1_hjgMt/
Wine McLaren 720S,https://www.instagram.com/p/DRe8b63jOm0/
Candy Porsche GT3RS,https://www.instagram.com/p/DRpLJCkjMSB/
Bugatti Chiron Pur Sport,https://www.instagram.com/p/DR7OVEvjHiE/
Wine McLaren Senna GTR,https://www.instagram.com/p/DUOMu9vDhsr/
Dark Porsche GT3RS,https://www.instagram.com/p/DRPqHtajCdc/
Candy Honda NSX,https://www.instagram.com/p/DRmroknjC9i/
McLaren 720S & Ducati Panigale Duo,https://www.instagram.com/p/DQhNJWWCNeB/
Candy Ferrari F80,https://www.instagram.com/p/DQZ9-zAjtgI/
BMW i8 AC Schnitzer,https://www.instagram.com/p/DQ66JUOjEYq/
Porsche GT3RS McQueen & Sally,https://www.instagram.com/p/DQXBrDVDPIY/
Blacked-Out Chevrolet Corvette C7,https://www.instagram.com/p/DQzNKFEjMXA/
Black Kawasaki Ninja ZX-6R,https://www.instagram.com/p/DQCJx5TDKg9/
Pagani Huayra,https://www.instagram.com/p/DQEuG6QjOBY/
Pagani Utopia / Mercedes-AMG GT R / Porsche 911 GT3 keys,https://www.instagram.com/p/DQH-TDCjLG2/
Candy Aston Martin Vulcan,https://www.instagram.com/p/DQ9hSb_jJNt/
Porsche 911 GT3,https://www.instagram.com/p/DPl4DgnDABc/
Candy Pagani Utopia,https://www.instagram.com/p/DPgngeLjBpm/
Wine Porsche Carrera GT,https://www.instagram.com/p/DQuCoevjI_f/
Blue Porsche GT3RS Manthey,https://www.instagram.com/p/DPoWrc3CPeP/
Porsche GT3RS McQueen & Sally,https://www.instagram.com/p/DP1eVAUjIi2/
Porsche GT3RS McQueen,https://www.instagram.com/p/DQxX_ooDIjG/
Candy McLaren P1,https://www.instagram.com/p/DO8mlDwjDEE/
Porsche McQueen GT3RS,https://www.instagram.com/p/DPBtJuRDAY6/
Sweet Porsche GT3RS,https://www.instagram.com/p/DN5pdTvDFJ9/
Kawasaki Ninja ZX-10R,https://www.instagram.com/p/DPUABWkjNpq/
Rose McLaren 720S,https://www.instagram.com/p/DOvxYcvDCiz/
Koenigsegg One:1 GT,https://www.instagram.com/p/DOQ4w-BjJbB/
Wine Koenigsegg Jesko,https://www.instagram.com/p/DPRJlXEDOqC/
Porsche McQueen GT3RS,https://www.instagram.com/p/DNGMFPLq1iH/
Wine Ferrari F80,https://www.instagram.com/p/DKmjY3VKIoF/
Purple McLaren 720S/765LT,https://www.instagram.com/p/DNn4AECqOf0/
Olive Ferrari 458 GT3,https://www.instagram.com/p/DMnZ6STqM1c/
Sweet Porsche GT3RS,https://www.instagram.com/p/DLU7KWxKh57/
Batman Lamborghini Revuelto,https://www.instagram.com/p/DK4kLzEqcD8/
Candy McLaren 720S,https://www.instagram.com/p/DQKICtDDBsM/
Candy Porsche GT3 R Rennsport,https://www.instagram.com/p/DMsbH31q0U4/
Full Carbon McLaren 720S,https://www.instagram.com/p/DLSZzC5q8l7/
Mazda MX-5 Miata,https://www.instagram.com/p/DMaY2jTqJ_c/
Porsche GT3RS / Ferrari 458 / Lamborghini Aventador,https://www.instagram.com/p/DMArpF7q6Wq/
Grape Toyota GR Supra,https://www.instagram.com/p/DQHScoKjD_3/
Classic Masterpiece (model unclear),https://www.instagram.com/p/DLlBkwyquy4/
