reel title,views, likes ,date posted,url
Full Carbon BMW M4 GT3 EVO,," 1,759,730 ",17-03-26,https://www.instagram.com/p/DV_TuD-DO6J/
Candy Ferrari F40,," 73,638 ",31-03-26,https://www.instagram.com/p/DWje7LnDERE/
Model unclear,, 419 ,17-03-26,https://www.instagram.com/p/DV_ZIj_jOF4/
BMW M3 Touring GT3 EVO,," 1,141,719 ",21-03-26,https://www.instagram.com/p/DWJm6UFjLUl/
BMW M4 GT3 EVO,," 340,681 ",04-04-26,https://www.instagram.com/p/DWuZRoWDoLx/
Black Porsche 911 & BMW M2,,,26-03-26,https://www.instagram.com/p/DWWa87ejMgF/
Carbon Mercedes-Benz CLK GTR,," 395,647 ",26-02-26,https://www.instagram.com/p/DVO0NBgjrkl/
Wine Porsche Brabus 911,," 1,825,823 ",02-04-26,https://www.instagram.com/p/DWobl9ADOBx/
Candy Aston Martin Vulcan,," 498,675 ",25-02-26,https://www.instagram.com/p/DVLuYy_jsoZ/
Supercar Convoy Roadtrip,," 5,426 ",16-03-26,https://www.instagram.com/p/DV8xRNdDBrF/
Candy Lamborghini Revuelto,," 139,165 ",02-03-26,https://www.instagram.com/p/DVYu7aZjkFU/
Wine Porsche 911 GT3RS,," 613,581 ",11-02-26,https://www.instagram.com/p/DUnxXeujLNn/
Wine Porsche GT3 R Rennsport,," 619,374 ",04-03-26,https://www.instagram.com/p/DVdsbVIDjPW/
Full Carbon Lexus LFA,," 73,930 ",13-02-26,https://www.instagram.com/p/DUtFB99jBNw/
Candy RWB Porsche 911 964,," 122,827 ",10-03-26,https://www.instagram.com/p/DVtTowoDC74/
Wine Ferrari P80/C,," 1,053,545 ",27-03-26,https://www.instagram.com/p/DWZBaXgjMmL/
Dark McLaren P1,," 343,641 ",27-01-26,https://www.instagram.com/p/DUBICaADYCl/
Full Carbon Pagani Zonda R,," 343,195 ",18-01-26,https://www.instagram.com/p/DTqBc6wDvIB/
Candy Porsche GT3RS,," 418,452 ",16-01-26,https://www.instagram.com/p/DTk17-yjvMl/
Wine Ferrari F80,," 1,170,868 ",06-02-26,https://www.instagram.com/p/DUa5j6YDI4R/
Demon Mazda RX-7,," 231,353 ",30-01-26,https://www.instagram.com/p/DUJMqijDjLe/
Full Carbon Ferrari 296 XX,," 212,738 ",06-03-26,https://www.instagram.com/p/DVi6ZC0kV7x/
Olive Aston Martin Vulcan,," 146,334 ",14-01-26,https://www.instagram.com/p/DTfk_bJleJs/
Wine McLaren 720S,," 482,159 ",12-01-26,https://www.instagram.com/p/DTa0Z5Njuyu/
Dark Yamaha R1,," 97,810 ",13-12-25,https://www.instagram.com/p/DSNTDdeCFZ5/
1/1 Carbon McLaren F1,," 64,045 ",16-12-25,https://www.instagram.com/p/DSU88z0jgVh/
Full Carbon Dodge Viper,," 258,782 ",09-01-26,https://www.instagram.com/p/DTStnsmDo49/
Wine Manthey Porsche GT3RS,," 816,768 ",27-12-25,https://www.instagram.com/p/DSxYT7QDgM8/
Wine Bugatti Chiron Pur Sport,," 506,756 ",21-01-26,https://www.instagram.com/p/DTxqmfijjQs/
Dark McLaren P1,," 116,759 ",03-12-25,https://www.instagram.com/p/DRznJeJjDzm/
Sweet Porsche GT3RS,," 109,614 ",04-12-25,https://www.instagram.com/p/DR2DeCcDOto/
Wine Ferrari 296 XX,," 1,864,022 ",03-01-26,https://www.instagram.com/p/DTDaQeJDlkr/
Grape McLaren 765LT,," 139,452 ",10-12-25,https://www.instagram.com/p/DSFjaTajsA3/
Wine Ferrari LaFerrari,," 510,477 ",17-02-26,https://www.instagram.com/p/DU3LSXCDZKu/
Barbie Porsche GT3RS,," 333,984 ",23-11-25,https://www.instagram.com/p/DRZ7jASjOWP/
Batman Ferrari SF90,," 55,306 ",26-11-25,https://www.instagram.com/p/DRhbR3ODGgb/
Wine Honda NSX,," 61,702 ",18-11-25,https://www.instagram.com/p/DRM9nHQjNgn/
Porsche 918 Spyder,," 56,723 ",30-11-25,https://www.instagram.com/p/DRsX1_hjgMt/
Wine McLaren 720S,," 41,284 ",25-11-25,https://www.instagram.com/p/DRe8b63jOm0/
Candy Porsche GT3RS,," 36,851 ",29-11-25,https://www.instagram.com/p/DRpLJCkjMSB/
Bugatti Chiron Pur Sport,," 564,701 ",06-12-25,https://www.instagram.com/p/DR7OVEvjHiE/
Wine McLaren Senna GTR,," 131,285 ",01-02-26,https://www.instagram.com/p/DUOMu9vDhsr/
Dark Porsche GT3RS,," 267,696 ",19-11-25,https://www.instagram.com/p/DRPqHtajCdc/
Candy Honda NSX,," 13,672 ",28-11-25,https://www.instagram.com/p/DRmroknjC9i/
McLaren 720S & Ducati Panigale Duo,," 329,668 ",01-11-25,https://www.instagram.com/p/DQhNJWWCNeB/
Candy Ferrari F80,," 164,794 ",29-10-25,https://www.instagram.com/p/DQZ9-zAjtgI/
BMW i8 AC Schnitzer,," 7,106 ",11-11-25,https://www.instagram.com/p/DQ66JUOjEYq/
Porsche GT3RS McQueen & Sally,," 118,906 ",28-10-25,https://www.instagram.com/p/DQXBrDVDPIY/
Blacked-Out Chevrolet Corvette C7,," 8,073 ",08-11-25,https://www.instagram.com/p/DQzNKFEjMXA/
Black Kawasaki Ninja ZX-6R,," 2,301 ",20-10-25,https://www.instagram.com/p/DQCJx5TDKg9/
Pagani Huayra,,,21-10-25,https://www.instagram.com/p/DQEuG6QjOBY/
Pagani Utopia / Mercedes-AMG GT R / Porsche 911 GT3 keys,,,22-10-25,https://www.instagram.com/p/DQH-TDCjLG2/
Candy Aston Martin Vulcan,," 95,325 ",12-11-25,https://www.instagram.com/p/DQ9hSb_jJNt/
Porsche 911 GT3,,,09-10-25,https://www.instagram.com/p/DPl4DgnDABc/
Candy Pagani Utopia,," 57,233 ",07-10-25,https://www.instagram.com/p/DPgngeLjBpm/
Wine Porsche Carrera GT,," 29,660 ",06-11-25,https://www.instagram.com/p/DQuCoevjI_f/
Blue Porsche GT3RS Manthey,," 84,420 ",10-10-25,https://www.instagram.com/p/DPoWrc3CPeP/
Porsche GT3RS McQueen & Sally,," 440,707 ",15-10-25,https://www.instagram.com/p/DP1eVAUjIi2/
Porsche GT3RS McQueen,," 227,462 ",07-11-25,https://www.instagram.com/p/DQxX_ooDIjG/
Candy McLaren P1,," 229,936 ",23-09-25,https://www.instagram.com/p/DO8mlDwjDEE/
Porsche McQueen GT3RS,," 53,626 ",25-09-25,https://www.instagram.com/p/DPBtJuRDAY6/
Sweet Porsche GT3RS,," 1,650,801 ",28-08-25,https://www.instagram.com/p/DN5pdTvDFJ9/
Kawasaki Ninja ZX-10R,,,02-10-25,https://www.instagram.com/p/DPUABWkjNpq/
Rose McLaren 720S,," 414,025 ",18-09-25,https://www.instagram.com/p/DOvxYcvDCiz/
Koenigsegg One:1 GT,," 116,090 ",06-09-25,https://www.instagram.com/p/DOQ4w-BjJbB/
Wine Koenigsegg Jesko,," 64,614 ",01-10-25,https://www.instagram.com/p/DPRJlXEDOqC/
Porsche McQueen GT3RS,," 1,440,266 ",08-08-25,https://www.instagram.com/p/DNGMFPLq1iH/
Wine Ferrari F80,," 163,838 ",07-06-25,https://www.instagram.com/p/DKmjY3VKIoF/
Purple McLaren 720S/765LT,," 123,339 ",21-08-25,https://www.instagram.com/p/DNn4AECqOf0/
Olive Ferrari 458 GT3,," 23,244 ",27-07-25,https://www.instagram.com/p/DMnZ6STqM1c/
Sweet Porsche GT3RS,," 854,653 ",25-06-25,https://www.instagram.com/p/DLU7KWxKh57/
Batman Lamborghini Revuelto,," 13,037 ",14-06-25,https://www.instagram.com/p/DK4kLzEqcD8/
Candy McLaren 720S,," 75,125 ",23-10-25,https://www.instagram.com/p/DQKICtDDBsM/
Candy Porsche GT3 R Rennsport,," 313,467 ",29-07-25,https://www.instagram.com/p/DMsbH31q0U4/
Full Carbon McLaren 720S,," 56,023 ",24-06-25,https://www.instagram.com/p/DLSZzC5q8l7/
Mazda MX-5 Miata,," 52,875 ",22-07-25,https://www.instagram.com/p/DMaY2jTqJ_c/
Porsche GT3RS / Ferrari 458 / Lamborghini Aventador,," 36,952 ",12-07-25,https://www.instagram.com/p/DMArpF7q6Wq/
Grape Toyota GR Supra,," 169,072 ",22-10-25,https://www.instagram.com/p/DQHScoKjD_3/
Classic Masterpiece (model unclear),,,01-07-25,https://www.instagram.com/p/DLlBkwyquy4/
